{"time/step": 2000, "loss/policy loss": 0.0, "loss/value loss": 43.40618133544922, "reward/mean return": -6506.470434332803, "_timestamp": 1671056579.346784, "_runtime": 68.98357701301575, "_step": 0}