{"train/mean episode length": 200.0, "train/mean episode returns": -1199.110207787845, "_timestamp": 1671210653.462142, "_runtime": 9.541603088378906, "_step": 0, "_wandb": {"runtime": 8}}