{"train/mean episode length": 200.0, "train/mean episode returns": -1080.3810836272378, "_timestamp": 1671381690.522753, "_runtime": 316.56442308425903, "_step": 498, "train/step": 1145400, "train/discounted cummulative return": {"_type": "histogram", "values": [20, 20, 33, 34, 45, 54, 60, 79, 85, 104, 78, 100, 146, 157, 276, 287, 341, 299, 304, 271, 196, 262, 126, 203, 217, 75, 122, 213, 138, 61, 76, 118], "bins": [-766.3544921875, -742.4117431640625, -718.4689331054688, -694.5261840820312, -670.5834350585938, -646.640625, -622.6978759765625, -598.755126953125, -574.8123779296875, -550.8695678710938, -526.9268188476562, -502.9840393066406, -479.0412902832031, -455.0985107421875, -431.15576171875, -407.2129821777344, -383.27020263671875, -359.32745361328125, -335.3846740722656, -311.44189453125, -287.4991455078125, -263.5563659667969, -239.6136016845703, -215.67083740234375, -191.7280731201172, -167.78530883789062, -143.842529296875, -119.89977264404297, -95.95700073242188, -72.01423645019531, -48.071468353271484, -24.128698348999023, -0.18593177199363708]}, "train/policy loss": -0.00037794694071635604, "train/value loss": 21306.87109375, "_wandb": {"runtime": 315}}