{"train/mean episode length": 200.0, "train/mean episode returns": -1129.9367386713895, "_timestamp": 1671371460.755096, "_runtime": 105.11171984672546, "_step": 131, "train/step": 303600, "train/policy loss": -1.746799716784153e-05, "train/value loss": 38845.109375, "_wandb": {"runtime": 105}}